recording_id,cutter_id,follower_id,from_lane,to_lane,t0_frame,t0_time,dhw_min_total,thw_min_total,ttc_min_total,intention_rows,intention_dhw_min,intention_thw_min,intention_ttc_min,intention_cutter_lat_v_abs_max,intention_cutter_speed_mean,intention_cutter_acc_mean,intention_follower_speed_mean,intention_follower_acc_mean,intention_cutter_dy,decision_rows,decision_dhw_min,decision_thw_min,decision_ttc_min,decision_cutter_lat_v_abs_max,decision_cutter_speed_mean,decision_cutter_acc_mean,decision_follower_speed_mean,decision_follower_acc_mean,decision_cutter_dy,execution_rows,execution_dhw_min,execution_thw_min,execution_ttc_min,execution_cutter_lat_v_abs_max,execution_cutter_speed_mean,execution_cutter_acc_mean,execution_follower_speed_mean,execution_follower_acc_mean,execution_cutter_dy,recovery_rows,recovery_dhw_min,recovery_thw_min,recovery_ttc_min,recovery_cutter_lat_v_abs_max,recovery_cutter_speed_mean,recovery_cutter_acc_mean,recovery_follower_speed_mean,recovery_follower_acc_mean,recovery_cutter_dy
01,9,17,1,2,109,4.36,168.99,3.7847704367301236,20.40942028985507,0.0,,,,,,,,,,20.0,202.47,4.513374944271066,24.335336538461537,0.84,36.5200478541934,-0.07400000000000002,44.8395413745986,-0.044000000000000004,0.629999999999999,50.0,185.88,4.14633058219942,22.61313868613139,0.81,36.60559871922269,-0.0314,44.86900820110789,0.015600000000000001,1.33,51.0,168.99,3.7847704367301236,20.40942028985507,0.52,36.49112870813009,0.11921568627450982,44.76079982444795,0.09019607843137256,0.4900000000000002
01,11,12,2,1,164,6.56,60.639999999999986,1.771028037383177,7.574774774774777,50.0,112.71000000000004,3.07530695770805,8.812353401094608,0.11,24.023434315163367,-0.21160000000000004,36.4454252511393,0.2202,0.030000000000001137,50.0,87.64000000000001,2.418989787468949,7.594454072790299,1.15,24.170424844375606,0.42560000000000003,36.56906772891177,-0.228,-1.3399999999999999,50.0,67.62,1.9414298018949183,7.574774774774777,1.17,25.503110017284527,0.777,35.53175666960656,-0.6990000000000001,-1.8499999999999979,22.0,60.639999999999986,1.771028037383177,7.896713615023481,0.49,26.591811469846753,0.7418181818181818,34.51514111220319,-0.6731818181818183,-0.23000000000000043
01,23,22,2,1,628,25.12,0.0,0.0,inf,50.0,0.0,0.0,inf,0.39,30.95291646489129,0.13080000000000003,24.452483733461822,0.0414,-0.3600000000000012,50.0,7.929999999999993,0.32499999999999973,inf,0.98,30.817099427378906,0.0164,24.370844946919824,0.028200000000000003,-1.4000000000000004,26.0,20.82,0.8550308008213552,inf,1.12,30.828025624161512,-0.004615384615384615,24.341235534310673,0.01153846153846154,-1.0500000000000007,0.0,,,,,,,,,
01,30,32,1,2,588,23.52,105.45,3.2100456621004567,30.048593350383605,0.0,,,,,,,,,,29.0,113.57000000000002,3.2597588978185996,30.048593350383605,0.88,31.483149550000668,-0.18413793103448278,35.074574384778735,0.3924137931034483,0.9000000000000004,50.0,108.32,3.2170818505338077,34.901538461538465,0.89,31.65220785129225,-0.05859999999999999,34.25560834832736,0.5851999999999999,1.4299999999999997,50.0,105.49,3.210286062081558,55.224489795918466,0.36,31.716812854890026,-0.007000000000000002,33.180038336144705,0.3954000000000001,0.23999999999999844
01,48,45,2,1,1148,45.92,0.0,0.0,inf,50.0,0.0,0.0,inf,0.28,34.36576417899218,0.12220000000000003,23.24482930116093,0.007000000000000001,-0.02999999999999936,50.0,0.0,0.0,inf,1.23,33.87398586859912,0.3796000000000001,23.215818873941547,0.0262,-1.700000000000001,50.0,20.55000000000001,0.8865401207937883,inf,1.23,32.99317465370217,0.44780000000000003,23.162030692825265,0.016,-1.700000000000001,50.0,40.13000000000001,1.7334773218142554,inf,0.41,32.219141608983215,0.31920000000000004,23.130008954652638,0.0258,-0.4499999999999993
01,58,61,1,2,1367,54.68,44.089999999999975,1.300973738565948,inf,50.0,44.089999999999975,1.300973738565948,inf,0.49,35.079551904394606,-0.36560000000000004,33.96920473509554,-0.0628,0.40000000000000036,50.0,46.359999999999985,1.3631284916201114,inf,0.7,35.31838295588054,0.11599999999999999,34.02469991369002,-0.0074,1.2799999999999994,50.0,48.95000000000002,1.4384366735233622,inf,0.57,34.97472662476687,0.163,34.021689330131274,0.023600000000000003,0.8300000000000001,35.0,50.81,1.4952913478516776,inf,0.44,34.740601490676944,0.11171428571428571,33.90488529587746,0.12142857142857143,0.5499999999999989
01,60,77,2,1,1413,56.52,248.39,5.335982814178303,17.62881476224273,0.0,,,,,,,,,,0.0,,,,,,,,,,50.0,268.66,5.874917996938553,20.13943028485758,0.63,32.36578824879748,0.021400000000000002,45.18141587859809,0.5492,-0.9199999999999982,37.0,248.39,5.335982814178303,17.62881476224273,0.38,32.428768114821025,0.0472972972972973,46.153500813249224,0.5508108108108107,-0.4499999999999993
01,79,84,1,2,1630,65.2,117.78,3.0473479948253557,11.059154929577467,0.0,,,,,,,,,,27.0,156.20000000000002,3.935500125976317,17.24061810154526,1.1,30.700530342395982,0.11888888888888888,39.75161973469445,0.13888888888888887,1.1500000000000004,50.0,137.93000000000004,3.4866026289181,14.673404255319149,0.98,30.4652249459121,0.24639999999999992,39.630097994909434,0.0678,1.1199999999999992,50.0,118.21000000000001,3.056101344364013,11.130885122410547,0.33,29.259084706741717,1.0648,39.20260428891602,0.4526,0.5500000000000007
01,93,94,1,2,1805,72.2,15.489999999999998,0.4732661167124962,inf,0.0,,,,,,,,,,45.0,15.489999999999998,0.4732661167124962,inf,0.89,39.2488218124524,-0.08977777777777778,32.88777842069841,0.16,1.2899999999999991,50.0,27.340000000000003,0.8279830405814658,inf,0.89,38.458004702985306,-0.6073999999999999,33.10384179272209,0.09259999999999997,1.4499999999999993,50.0,37.920000000000016,1.1421686746987956,inf,0.44,37.25916161670386,-0.5227999999999999,33.28924608908298,0.08280000000000001,0.38000000000000256
01,97,98,1,2,2001,80.04,27.159999999999997,1.001474926253687,inf,50.0,27.159999999999997,1.001474926253687,inf,0.54,36.93998078035475,0.114,27.1622633256675,0.0398,0.40000000000000213,50.0,46.72000000000003,1.7176470588235304,inf,0.88,36.972765978730536,-0.05340000000000001,27.20708601327,-0.0015999999999999999,1.5799999999999983,50.0,66.23000000000002,2.434926470588236,inf,0.85,36.90610106262598,0.012600000000000002,27.143429911263883,-0.054400000000000004,1.1900000000000013,50.0,85.77000000000001,3.1661129568106317,inf,0.37,37.004420765472204,0.08940000000000001,27.08472742545513,0.009,0.5799999999999983
01,99,98,1,2,2040,81.6,0.0,0.0,inf,50.0,0.0,0.0,inf,0.56,34.91716713431774,0.09459999999999998,27.204664996548455,0.0104,0.41000000000000014,50.0,10.539999999999992,0.38735758912164614,inf,0.87,35.102117692928296,0.0774,27.166979760388035,-0.05079999999999999,1.5599999999999987,50.0,26.390000000000015,0.973441534489119,inf,0.85,35.247806067580115,0.07460000000000001,27.085219535670095,-0.008799999999999999,1.1899999999999977,50.0,42.73999999999995,1.5777039497969714,inf,0.33,35.41602260388229,0.10200000000000001,27.129232394793473,0.0412,0.39000000000000057
01,111,112,1,2,2242,89.68,0.0,0.0,inf,5.0,0.0,0.0,inf,0.52,33.699598363804554,0.21800000000000003,22.68419278434407,0.07,0.0799999999999983,50.0,0.40000000000000213,0.017628911414720234,inf,1.05,33.82652846534499,0.046800000000000015,22.7710594645093,0.07600000000000001,1.7900000000000027,50.0,22.49000000000001,0.9846760070052544,inf,1.03,33.663487830078736,-0.19120000000000004,22.898263195338544,0.06,1.5300000000000011,50.0,44.03999999999999,1.9181184668989544,inf,0.4,33.28511345582325,-0.11539999999999999,23.007439849558054,0.047799999999999995,0.259999999999998
01,116,117,2,1,2383,95.32,2.7100000000000364,0.10548851693266004,inf,33.0,2.7100000000000364,0.10548851693266004,inf,0.53,37.655554497851305,0.08424242424242424,25.797769103188074,-0.14909090909090908,-0.4900000000000002,50.0,18.44999999999999,0.7126303592120505,inf,0.81,37.523281009493004,0.0782,25.92002471680813,-0.031200000000000002,-1.4100000000000001,50.0,41.660000000000025,1.6053949903660896,inf,0.81,37.387460784256966,0.06540000000000001,25.996641580912854,-0.05619999999999999,-1.2400000000000002,50.0,64.46999999999997,2.4739063699155786,inf,0.37,37.23136857237089,0.0816,26.121070907908756,-0.053200000000000004,-0.34999999999999964
01,123,125,2,1,2665,106.6,58.93000000000001,1.7026870846576136,inf,0.0,,,,,,,,,,10.0,58.93000000000001,1.7026870846576136,inf,0.65,41.49884565965699,0.315,34.615082770298635,-0.027000000000000003,-0.22999999999999865,50.0,62.0,1.7908723281340266,inf,0.66,41.29109061917246,0.11359999999999999,34.67801571439692,-0.0752,-1.1099999999999994,50.0,75.19,2.162496404946793,inf,0.59,41.18420846444289,0.004,34.950844875635006,-0.18379999999999996,0.16000000000000014
01,123,126,1,2,2793,111.72,79.15999999999997,1.8928571428571428,107.43243243243214,50.0,79.15999999999997,1.8928571428571428,107.43243243243214,0.56,41.204163655099954,0.0424,41.28887448345514,0.6592,-0.5300000000000011,50.0,79.38999999999999,1.9515732546705995,inf,0.95,41.192542593243914,0.0030000000000000005,40.481946122921066,0.20400000000000001,1.2400000000000002,50.0,80.83000000000001,2.0067030784508444,inf,0.94,41.120005063640356,0.062200000000000005,39.77191875309287,0.548,1.379999999999999,16.0,83.46000000000001,2.130712279805974,inf,0.47,41.030733546507534,0.044375,39.08628592012576,0.255625,0.23999999999999844
01,126,125,2,1,2834,113.36,0.0,0.0,inf,50.0,0.0,0.0,inf,0.57,40.55587397280826,0.23340000000000002,35.09429869168224,-0.18479999999999996,-0.1800000000000015,50.0,6.699999999999989,0.18990929705215387,inf,1.22,39.96329169003322,0.509,35.366229494625266,-0.0436,-2.0700000000000003,50.0,16.0,0.4523607577042692,inf,1.2,39.11729716140926,0.0616,35.2094487410021,0.16779999999999998,-1.6500000000000004,31.0,23.569999999999993,0.6728518412789036,inf,0.48,39.574666144411225,-0.5890322580645161,34.960432578800095,0.09999999999999999,0.10999999999999943
01,139,138,2,1,3197,127.88,0.0,0.0,inf,50.0,0.0,0.0,inf,0.52,37.83828809237719,0.11939999999999998,28.8696135375431,0.069,-0.41000000000000014,50.0,15.22999999999999,0.5288194444444441,inf,0.76,37.64480748919582,0.07619999999999999,28.753426363726927,0.0366,-1.25,34.0,32.99000000000001,1.1486768802228415,inf,0.76,37.54986790105395,0.03647058823529412,28.715284854001283,0.004705882352941178,-0.9399999999999995,0.0,,,,,,,,,
01,142,144,1,2,3262,130.48,19.319999999999997,0.8063439065108513,inf,0.0,,,,,,,,,,33.0,19.319999999999997,0.8063439065108513,inf,0.59,35.52631593159336,-0.18000000000000005,23.998667531066925,0.05090909090909091,0.740000000000002,50.0,34.68000000000001,1.443196004993758,inf,0.51,35.41793876387105,0.06440000000000001,24.0813221950033,0.055,0.8200000000000003,50.0,57.26000000000002,2.3719966859983437,inf,0.29,35.63262104973901,0.0582,24.220127590063466,0.07339999999999999,0.3100000000000023
01,143,141,2,1,3400,136.0,0.0,0.0,inf,50.0,0.0,0.0,inf,0.4,33.718553442986156,-0.0584,28.17443411836934,0.3682000000000001,-0.3200000000000003,50.0,10.110000000000014,0.36366906474820193,inf,1.12,33.699642236772384,0.17999999999999997,27.476536935176362,0.32080000000000003,-1.6799999999999997,50.0,22.680000000000007,0.8353591160220998,inf,1.12,32.983803619473676,0.424,26.876075609036164,0.26359999999999995,-1.5999999999999996,50.0,34.730000000000004,1.30465815176559,inf,0.38,32.41993148130466,0.10120000000000001,26.61275503508654,-0.063,-0.2900000000000009
01,147,144,1,2,3356,134.24,0.0,0.0,inf,50.0,0.0,0.0,inf,0.75,36.61543310285027,0.13720000000000002,24.06806909226753,0.051399999999999994,0.5599999999999987,50.0,2.109999999999985,0.08747927031509059,inf,1.04,36.84942480193687,0.09459999999999999,24.20224774503467,0.0758,1.9399999999999977,50.0,27.409999999999997,1.1289126853377263,inf,0.91,37.07016928817441,0.13920000000000002,24.329346347007444,0.048,1.1799999999999997,50.0,52.860000000000014,2.169060320065655,inf,0.3,37.29852306953144,0.0742,24.39652824505005,0.024600000000000004,0.26000000000000156
01,153,160,1,2,3429,137.16,153.89000000000001,4.727803379416284,512.9666666666716,0.0,,,,,,,,,,0.0,,,,,,,,,,50.0,153.89000000000001,4.727803379416284,512.9666666666716,0.97,32.33091219315654,-0.07139999999999999,32.24251903722822,0.242,1.5099999999999998,50.0,154.29,4.809937888198757,inf,0.39,32.41481143516537,-0.0007999999999999987,32.119724178270324,-0.0656,0.16000000000000014
01,165,164,2,1,3786,151.44,0.0,0.0,inf,50.0,0.0,0.0,inf,0.22,35.31323908182349,0.32160000000000005,23.580281931339368,-0.001,0.11999999999999922,50.0,3.5300000000000296,0.14970313825275783,inf,1.11,34.76462204170612,0.19959999999999997,23.555107310401077,0.0254,-1.4799999999999986,50.0,25.899999999999977,1.1007224819379506,inf,1.11,34.37354884223663,0.21420000000000003,23.530515417987555,0.0022,-1.5600000000000005,50.0,47.55000000000001,2.0208244793880157,inf,0.41,33.95296998843134,0.17679999999999998,23.518494730086363,0.017800000000000003,-0.39000000000000057
01,167,166,1,2,3841,153.64,0.0,0.0,inf,50.0,0.0,0.0,inf,0.57,37.532463689734435,0.7478,30.4136241309837,0.0009999999999999998,0.5899999999999999,50.0,2.8999999999999915,0.0953320184089412,inf,0.94,39.04926579185713,0.7349999999999999,30.498443360260925,0.08199999999999999,1.6500000000000021,50.0,20.0,0.6538084341288003,inf,0.93,40.46386533645263,0.6781999999999999,30.69756458253876,0.11,1.2799999999999976,50.0,39.52999999999997,1.2830249918857506,inf,0.29,41.756016431300175,0.6252,30.854976214459867,0.032,0.1999999999999993
01,168,164,2,1,3957,158.28,0.0,0.0,inf,50.0,0.0,0.0,inf,0.51,36.22753757074294,0.264,23.493856016011765,0.0398,-0.28000000000000114,50.0,0.6000000000000227,0.025597269624574346,inf,1.14,35.78672507326138,0.18360000000000004,23.40080585452013,0.0364,-1.8399999999999999,50.0,25.310000000000002,1.0830124090714592,inf,1.14,35.538735331234314,0.047400000000000005,23.331893191339613,0.034800000000000005,-1.6500000000000004,18.0,49.730000000000004,2.1343347639484977,inf,0.35,35.52450994480962,-0.037777777777777785,23.282046686235024,0.04000000000000001,-0.120000000000001
01,172,170,1,2,4022,160.88,0.0,0.0,inf,50.0,0.0,0.0,inf,0.57,34.20751840765519,0.118,24.774475873453767,0.0766,0.39000000000000057,50.0,7.280000000000001,0.2929577464788733,inf,0.9,34.402528543616945,0.06499999999999999,24.909227308542064,0.05999999999999999,1.6600000000000001,50.0,26.28000000000003,1.0524629555466571,inf,0.86,34.529408884284074,0.09240000000000002,25.01362921043314,0.04999999999999999,1.3599999999999994,17.0,45.25000000000006,1.8049461507778244,inf,0.49,34.69028539762606,0.16176470588235295,25.082425162255998,0.05,0.2699999999999996
01,188,184,1,2,4284,171.36,0.0,0.0,inf,50.0,0.0,0.0,inf,0.48,30.962308552191384,0.154,21.3536902177501,-0.0198,0.08999999999999986,50.0,0.0,0.0,inf,1.12,30.978098927778593,-0.1812,21.28172951431525,-0.021599999999999998,1.879999999999999,50.0,17.25,0.810239549084077,inf,1.04,30.42333198212568,-0.3028,21.448425769180943,0.20199999999999999,1.2199999999999989,50.0,35.19,1.6224066390041492,inf,0.2,30.04591766401218,0.042199999999999994,22.07702270038388,0.4049999999999999,-0.019999999999999574
01,193,192,2,1,4217,168.68,0.0,0.0,inf,0.0,,,,,,,,,,49.0,0.0,0.0,inf,1.09,34.502359011592254,-0.5257142857142858,25.865230519208268,0.08510204081632655,-1.58,50.0,12.269999999999982,0.4755813953488365,inf,1.2,35.09450105945662,0.013200000000000003,25.803675574608977,-0.0176,-2.119999999999999,50.0,30.879999999999995,1.1955090979481222,inf,0.65,34.77169539320639,0.2596,25.86925609928202,-0.03440000000000001,-0.41000000000000014
01,211,207,2,1,4779,191.16,0.0,0.0,inf,50.0,0.0,0.0,inf,0.47,31.40908040136719,-0.16419999999999998,22.856340559303852,0.0274,-0.34999999999999964,50.0,14.64,0.6415425065731815,inf,0.91,31.75064060679114,-0.14559999999999998,22.711822767146717,0.11720000000000001,-1.4799999999999986,36.0,32.69000000000001,1.4477413640389731,inf,0.91,31.93318072765861,-0.06027777777777778,22.50361999860414,0.09888888888888886,-1.25,0.0,,,,,,,,,
01,213,228,2,1,4754,190.16,317.93,12.04280303030303,inf,0.0,,,,,,,,,,0.0,,,,,,,,,,50.0,317.93,12.04280303030303,inf,0.75,34.65515967543624,0.2594000000000001,26.60104209515719,0.17919999999999997,-1.25,8.0,334.13,12.486173393124066,inf,0.52,34.978576077481065,0.3,26.771362989710305,0.0925,-0.129999999999999
01,228,229,1,2,4918,196.72,10.670000000000009,0.4485077763766292,inf,50.0,10.670000000000009,0.4485077763766292,inf,0.45,26.877999951055127,0.06720000000000001,23.843500089245335,0.0658,0.48999999999999844,50.0,16.74000000000001,0.6998327759197328,inf,0.79,27.01009920591607,0.06139999999999999,23.98813432386312,0.0674,1.2600000000000016,50.0,22.75999999999999,0.946361746361746,inf,0.79,27.106831157738355,0.028399999999999998,24.127582813250992,0.0738,1.3099999999999987,50.0,28.67999999999998,1.1851239669421478,inf,0.41,27.13826671268183,0.017400000000000002,24.23787794689791,0.027600000000000003,0.34999999999999787
01,261,262,1,2,5651,226.04,10.399999999999977,0.42124394184167924,15.052631578947334,50.0,10.399999999999977,0.42124394184167924,15.052631578947334,0.41,24.617904278231325,0.0426,24.96213794706054,0.5869999999999999,0.620000000000001,50.0,10.530000000000001,0.4345852249277755,inf,0.78,24.357418180702407,0.2764,23.606424237352496,0.5075999999999999,1.2200000000000006,50.0,12.320000000000007,0.5305770887166239,inf,0.78,23.85551172394099,0.0676,23.23009288600318,-0.0542,1.0199999999999996,50.0,13.400000000000006,0.5743677668238323,inf,0.18,24.26864514665962,-0.45479999999999987,23.47429604540477,-0.17939999999999998,0.2900000000000009
01,274,272,1,2,5843,233.72,0.0,0.0,inf,50.0,0.0,0.0,inf,0.56,31.46534418231694,-0.13720000000000002,21.815706998259298,0.04020000000000001,0.28999999999999915,50.0,0.0,0.0,inf,0.99,31.106905204343143,-0.22339999999999996,21.906005562928147,0.0458,1.7800000000000011,50.0,18.03,0.8214123006833713,inf,0.91,30.720018440190387,-0.1352,22.015621705054038,0.0766,1.1900000000000013,50.0,35.47,1.6042514699231116,inf,0.31,30.50316892357526,-0.088,22.155895158622634,0.022199999999999998,0.3299999999999983
01,281,280,2,1,5972,238.88,0.0,0.0,inf,50.0,0.0,0.0,inf,0.36,33.620315947237465,-0.1184,22.48641093783599,0.01,-0.129999999999999,50.0,0.0,0.0,inf,0.99,33.769466051345134,-0.10400000000000002,22.46780502926348,0.006000000000000001,-1.4499999999999993,50.0,19.329999999999984,0.8606411398040954,inf,0.99,34.07605038263943,-0.17799999999999996,22.458317069923414,0.009600000000000003,-1.6099999999999994,50.0,42.55000000000001,1.8953229398663702,inf,0.48,34.41207487964322,-0.1494,22.387089787201297,0.0706,-0.39000000000000057
01,284,280,2,1,6172,246.88,0.0,0.0,inf,50.0,0.0,0.0,inf,0.3,31.34763636307705,-0.16920000000000002,22.26246468238629,0.0318,-0.35999999999999943,50.0,4.439999999999998,0.1996402877697841,inf,0.97,31.69479272472121,-0.17679999999999996,22.21232355496576,0.0254,-1.1199999999999992,41.0,23.409999999999997,1.0549797205948623,inf,1.18,32.045489014040236,-0.1951219512195122,22.175906130621627,0.013902439024390242,-1.7899999999999991,0.0,,,,,,,,,
01,308,310,2,1,6313,252.52,14.20999999999998,0.5289962825278818,5.570247933884289,0.0,,,,,,,,,,42.0,21.750000000000007,0.725725725725726,5.634715025906738,0.8,26.295722348771722,-0.24880952380952376,30.314334977369846,-0.34619047619047616,-1.1999999999999993,50.0,15.719999999999999,0.5598290598290598,5.570247933884289,0.76,26.116597045230495,0.05160000000000001,29.063631796435025,-0.9484,-1.0700000000000003,51.0,14.20999999999998,0.5289962825278818,8.557377049180326,0.39,26.5611899929649,0.40588235294117647,27.20061104356974,-0.7586274509803923,-0.6400000000000006
01,309,312,2,1,6531,261.24,69.26000000000002,2.8234814512841426,inf,50.0,69.26000000000002,2.8234814512841426,inf,0.07,29.352005989033323,0.5760000000000001,24.51619498577202,0.028200000000000003,-0.030000000000001137,50.0,78.88999999999999,3.2239476910502654,inf,1.73,28.19719078015338,0.6708,24.271819534930533,0.25579999999999997,-1.58,50.0,86.66,3.61686143572621,inf,1.79,26.42884188356792,1.1156,23.66208245603679,0.26599999999999996,-2.49,24.0,92.17999999999999,3.9342723004694835,inf,0.52,24.6206620747393,1.2583333333333333,23.348353735706542,0.16333333333333333,0.11999999999999922
01,314,322,1,2,6541,261.64,40.43000000000001,1.2834920634920637,7.874626865671641,50.0,85.23000000000002,2.2991637442676023,8.04815864022663,0.66,25.809779673123426,-0.6923999999999999,37.296059528448815,0.16820000000000002,0.29999999999999893,50.0,66.38000000000002,1.863559797866368,7.964176049129987,1.13,27.039342128830977,-0.42300000000000004,36.41985658306553,0.7386,2.039999999999999,50.0,51.66,1.5420895522388058,7.874626865671641,0.89,27.18899561365249,0.2026,34.55152211600759,1.0608000000000002,0.9499999999999993,50.0,40.58,1.2870282270853155,7.883435582822083,0.31,26.98652617101261,-0.14,32.45142968665906,0.9742000000000001,0.4299999999999997
01,326,327,1,2,6845,273.8,26.289999999999964,1.0592264302981476,20.1970802919708,50.0,26.289999999999964,1.0596533655783944,20.1970802919708,0.62,24.043861110115525,0.7634000000000001,24.744301229112754,0.077,0.6099999999999994,50.0,26.29000000000002,1.0592264302981476,2628.999999999591,1.01,25.53297605840013,0.7218000000000002,24.814208745869937,-0.0024000000000000002,1.75,39.0,27.75,1.1185006045949215,inf,0.98,26.89234763488301,0.8312820512820515,24.823078265518745,0.027948717948717956,1.1799999999999997,0.0,,,,,,,,,
01,378,376,2,1,8004,320.16,0.0,0.0,inf,50.0,0.0,0.0,inf,0.52,32.58529113774484,0.4096,23.438025592794236,0.12720000000000004,-0.4800000000000004,50.0,9.150000000000006,0.3930412371134023,inf,0.8,31.970617226442936,0.171,23.13583510511345,0.1462,-1.3699999999999992,50.0,26.75,1.1635493692909962,inf,0.8,31.78781667000437,0.049599999999999984,22.894303981301835,0.09280000000000001,-1.2699999999999996,20.0,44.59,1.9548443665059188,inf,0.32,31.73065551591872,0.020000000000000004,22.771511843735073,0.08850000000000001,-0.13000000000000078
01,391,393,1,2,8103,324.12,11.060000000000002,0.4668636555508654,inf,20.0,11.060000000000002,0.4668636555508654,inf,0.57,35.07551601767379,0.11000000000000001,23.72254777678096,0.10100000000000002,0.33999999999999986,50.0,20.320000000000007,0.8548590660496427,inf,0.83,35.15454928864837,0.0238,23.84925571253115,0.0718,1.490000000000002,50.0,42.91,1.794646591384358,inf,0.8,35.19830924236181,0.056600000000000004,23.974688493948197,0.07200000000000001,1.0799999999999983,50.0,65.31,2.715592515592516,inf,0.24,35.38633427656717,0.1084,24.12158925220969,0.068,0.05000000000000071
01,395,393,1,2,8190,327.6,0.0,0.0,inf,50.0,0.0,0.0,inf,0.51,34.8797757512033,-0.0478,23.93925125058121,0.0646,0.2700000000000031,50.0,0.0,0.0,inf,1.11,34.52222363157909,-0.25440000000000007,24.08480431963264,0.0706,1.8200000000000003,50.0,16.75999999999999,0.6939958592132501,inf,1.09,34.0653972795176,-0.17540000000000003,24.220879243643004,0.0588,1.4299999999999997,50.0,36.400000000000006,1.4997939843428103,inf,0.26,33.976583866940814,0.134,24.258899471091073,-0.017800000000000003,0.13999999999999702
01,429,431,2,1,8553,342.12,18.99000000000001,0.76173285198556,inf,0.0,,,,,,,,,,11.0,18.99000000000001,0.76173285198556,inf,0.6,29.41853705586565,0.12727272727272726,24.807862235315493,0.5818181818181819,-0.2400000000000002,50.0,21.420000000000016,0.8682610458046216,inf,0.63,29.1542744676762,0.26639999999999997,24.377779199907668,0.21,-1.1899999999999995,50.0,31.03000000000003,1.2795876288659807,inf,0.53,28.43704481788562,0.43439999999999995,24.261899270268888,-0.0054,-0.7100000000000009
01,447,456,2,1,9150,366.0,282.42999999999995,8.839749608763691,inf,0.0,,,,,,,,,,50.0,282.42999999999995,8.839749608763691,inf,0.69,32.710695861480716,0.25680000000000003,31.853957518562538,-0.117,-1.2300000000000004,38.0,284.25,8.964049195837275,inf,0.68,33.245126824855895,0.3657894736842106,31.709897594976923,0.05499999999999999,-0.9200000000000017,0.0,,,,,,,,,
01,455,460,2,1,9335,373.4,119.43999999999994,3.1136600625651707,18.31901840490797,50.0,142.93,3.7842202806460152,23.053225806451604,0.53,31.484244914254692,0.09179999999999999,37.586028588499644,0.19820000000000002,-0.620000000000001,50.0,130.30999999999997,3.4139376473670415,20.297507788161983,0.95,31.663911449722274,0.091,37.97681282766795,0.1966,-1.4800000000000004,42.0,119.43999999999994,3.1136600625651707,18.31901840490797,0.97,31.813196478755636,0.05523809523809523,38.27764162976439,0.11666666666666665,-1.5500000000000007,0.0,,,,,,,,,
01,456,457,1,2,9195,367.8,9.419999999999998,0.3920099875156054,inf,23.0,9.419999999999998,0.3920099875156054,inf,0.54,31.817870943337812,-0.14956521739130438,24.171823256963766,0.30434782608695654,0.4299999999999997,50.0,16.489999999999995,0.6783216783216781,inf,0.75,31.728996652367577,0.059800000000000006,24.426394927688253,0.08500000000000002,1.2000000000000028,50.0,30.92,1.2630718954248366,inf,0.78,31.983508884972395,0.0316,24.531465276607936,0.059400000000000015,1.3200000000000003,50.0,45.91999999999999,1.866666666666666,inf,0.36,31.62456040980139,-0.3432,24.622443139829485,-0.0058,0.120000000000001
01,468,473,1,2,9630,385.2,88.47999999999996,2.239999999999999,inf,50.0,88.47999999999996,2.239999999999999,inf,0.42,44.35594007938653,-0.18739999999999996,39.74402870916609,-0.23379999999999998,0.4400000000000013,50.0,97.68,2.443832874655992,inf,0.79,44.725166433942434,-0.18719999999999998,40.1021846029342,-0.12300000000000001,1.3399999999999999,39.0,106.91,2.6587913454364585,inf,0.75,45.02783690169116,-0.12692307692307686,40.285714526344975,-0.10128205128205128,0.9100000000000001,0.0,,,,,,,,,
01,471,469,2,1,9612,384.48,0.0,0.0,inf,50.0,0.0,0.0,inf,0.34,39.959662986895914,-0.0174,30.811382828172647,0.0492,-0.1899999999999995,50.0,6.2900000000000205,0.2044863459037718,inf,1.24,40.227178808168354,-0.3124,30.68259444286083,0.0758,-1.700000000000001,50.0,25.25000000000003,0.8248938255472077,inf,1.24,41.05593843001739,-0.3936,30.614081707892847,-0.019200000000000002,-1.9100000000000001,50.0,46.219999999999985,1.5079934747145183,inf,0.54,41.504427869342216,-0.08200000000000002,30.642236313436783,0.0068,-0.4400000000000013
01,472,474,1,2,9635,385.4,40.510000000000005,1.1274346132442965,9.769759450171817,50.0,51.50999999999999,1.3794858061060522,9.769759450171817,0.65,31.82141782311893,-0.494,37.54826118216095,0.14980000000000002,0.47000000000000064,50.0,44.31999999999999,1.2209366391184573,10.471428571428575,1.03,33.202901444381325,-0.7667999999999999,36.808852562211776,0.5148,1.8800000000000008,50.0,41.50999999999999,1.156267409470752,18.98283261802576,0.92,34.61144657206956,-0.59,36.033666554075545,0.19719999999999996,1.200000000000001,50.0,40.510000000000005,1.1274700807124967,55.31999999999997,0.32,35.44274579021264,-0.2908,35.906904777021936,-0.019000000000000003,0.22999999999999865
01,475,478,2,1,9647,385.88,22.170000000000016,0.9470311832550199,inf,0.0,,,,,,,,,,22.0,22.170000000000016,0.9470311832550199,inf,0.72,31.636269108292268,0.0940909090909091,23.400020591794853,0.015000000000000003,-0.5899999999999999,50.0,29.559999999999945,1.263787943565624,inf,0.73,31.46425311252288,0.1134,23.38521116058512,0.008,-1.3399999999999999,50.0,45.629999999999995,1.9516680923866552,inf,0.53,31.283718922590413,0.0794,23.386460933873877,-0.012000000000000002,-0.6400000000000006
01,482,488,1,2,10025,401.0,30.0,1.0540920266947664,8.47704590818363,50.0,43.06999999999999,1.4629755434782605,8.47834645669291,0.74,24.11054731193274,-0.2388,29.58983515129312,0.15280000000000002,0.4400000000000013,50.0,34.459999999999994,1.187456926257753,8.47704590818363,1.11,25.003360116895827,-0.7031999999999999,29.240152739804092,0.2094,2.0299999999999994,50.0,30.299999999999997,1.0609243697478992,10.664596273291918,0.83,26.733554534932587,-0.9842,28.778404350551547,0.228,0.8399999999999999,19.0,30.0,1.0540920266947664,38.316455696202574,0.26,28.16051001871492,-1.1184210526315788,28.47895449142323,0.2015789473684211,0.1899999999999995
01,484,488,1,2,9873,394.92,49.400000000000006,1.6704967894558975,12.051327433628327,38.0,63.360000000000014,2.0959311941779695,12.051327433628327,0.6,24.63131688198089,-0.6818421052631579,30.16674246335287,-0.10157894736842105,0.4299999999999997,50.0,54.94999999999999,1.824369189907038,12.554671968190847,1.14,26.021178521270322,-0.8152000000000001,30.210951289680594,0.0584,1.9399999999999995,50.0,50.349999999999994,1.6924369747899157,16.71036585365854,1.08,27.66031948855358,-0.8333999999999999,29.930443029081967,0.18280000000000002,1.3099999999999987,50.0,49.400000000000006,1.6704967894558975,40.5645161290323,0.28,29.228367378687565,-0.7102,29.601833945304683,0.1524,-0.08999999999999986
01,497,499,1,2,10094,403.76,18.439999999999998,0.6081794195250659,12.241379310344852,50.0,20.189999999999998,0.6628365068942875,12.241379310344852,0.56,28.81872159634704,-0.06359999999999999,30.447669024618314,-0.14,0.28999999999999915,50.0,18.830000000000013,0.6286286286286288,13.601351351351344,1.13,29.354181325343504,-0.3836,30.1268146457877,0.23879999999999998,1.9299999999999997,50.0,18.439999999999998,0.6081794195250659,85.59090909090821,1.03,30.116940453363746,-0.3454,30.204533732920364,-0.16920000000000002,1.2400000000000002,50.0,18.439999999999998,0.6083800725833058,inf,0.3,30.47373317075322,0.0196,29.919585121644282,0.4006,0.13000000000000078
01,530,532,2,1,10674,426.96,20.789999999999964,0.9352226720647757,inf,0.0,,,,,,,,,,29.0,20.789999999999964,0.9352226720647757,inf,0.93,32.84506673725021,-0.00896551724137931,22.21255842376433,0.027586206896551734,-0.9800000000000004,50.0,33.21999999999997,1.496396396396395,inf,0.93,32.773278920966625,0.068,22.157827022639452,0.024000000000000004,-1.5,50.0,54.46999999999997,2.459142212189615,inf,0.47,32.646465947014995,0.0342,22.16120902365921,-0.009800000000000001,-0.4499999999999993
01,531,532,2,1,10712,428.48,0.0,0.0,inf,17.0,0.0,0.0,inf,0.47,32.56440374963607,0.14,22.21788437573287,0.024117647058823532,-0.22999999999999865,50.0,1.8599999999999568,0.0837460603331813,inf,0.86,32.38588294207688,0.0848,22.172428594820772,0.033800000000000004,-1.4299999999999997,50.0,22.189999999999998,1.0022583559168923,inf,0.86,32.455104757979846,-0.10839999999999998,22.155006905716146,-0.011200000000000002,-1.370000000000001,50.0,42.75999999999999,1.928732521425349,inf,0.36,32.47723508455736,0.1398,22.17385907619532,-0.0078000000000000005,-0.2400000000000002
01,535,533,1,2,10905,436.2,6.980000000000018,0.28088531187122806,inf,50.0,6.980000000000018,0.28088531187122806,inf,0.6,35.80078479727351,-0.033800000000000004,24.82482530014172,-0.0272,0.6799999999999997,50.0,28.890000000000015,1.1653892698668824,inf,0.78,35.67668880818584,-0.0998,24.797543749712837,0.009200000000000002,1.4600000000000009,37.0,50.629999999999995,2.040709391374446,inf,0.74,35.538354326166804,-0.043783783783783795,24.815155339901697,0.018918918918918923,0.8599999999999994,0.0,,,,,,,,,
01,539,532,2,1,10915,436.6,0.0,0.0,inf,50.0,0.0,0.0,inf,0.3,32.873602534256335,0.059800000000000006,22.16325409444216,0.028000000000000004,-0.05000000000000071,50.0,0.0,0.0,inf,1.05,32.4307622170404,0.318,22.0695790825138,0.0452,-1.5,50.0,16.440000000000026,0.7462551066727202,inf,1.05,31.831860707032384,0.19840000000000002,22.018839255508954,0.016800000000000002,-1.75,50.0,35.91,1.632272727272727,inf,0.69,31.73114910915605,-0.0424,21.98897426225074,0.014800000000000002,-0.6500000000000004
01,547,552,1,2,11061,442.44,18.470000000000027,0.654673721340388,7.032745591939553,50.0,30.269999999999982,1.0026498840675715,7.122352941176466,0.43,25.572468123006285,-0.3318000000000001,30.17882750641474,0.0032,0.25,50.0,22.890000000000015,0.7720067453625638,7.032745591939553,1.07,26.384291638547342,-0.42260000000000003,29.99252409635286,0.2756,1.7599999999999998,50.0,19.109999999999985,0.6667829727843679,8.049469964664317,1.02,27.237039400048825,-0.43200000000000005,29.149234241600663,0.4942,1.3499999999999996,50.0,18.470000000000027,0.654673721340388,19.4591836734694,0.34,28.044976299039625,-0.3906,28.180606797623565,0.45940000000000003,0.16999999999999993
01,550,548,1,2,11053,442.12,0.0,0.0,inf,50.0,0.0,0.0,inf,0.64,38.04321444407783,-0.2102,23.4638336685977,0.1082,0.17999999999999972,50.0,4.200000000000003,0.1781170483460561,inf,1.27,37.467856460172165,-0.31160000000000004,23.699687404584356,0.12040000000000001,2.2699999999999996,50.0,31.649999999999977,1.3287153652392938,inf,1.07,36.97876124350741,-0.16140000000000002,23.915241653845893,0.09679999999999998,1.0800000000000018,50.0,57.79000000000002,2.406913785922533,inf,0.2,36.79532942920761,-0.009800000000000001,24.105639792766034,0.09419999999999998,0.3100000000000023
01,555,559,2,1,11272,450.88,163.83,3.418109743375757,9.745984533016063,4.0,248.12999999999997,5.178005008347244,13.032037815126047,0.55,28.844963827258383,0.6425000000000001,47.897500782826576,0.3225,-0.05999999999999872,50.0,210.56999999999996,4.341649484536082,11.41919739696312,0.71,29.50518381766868,0.59,48.25341416545778,0.2854,-1.3000000000000007,50.0,174.78000000000003,3.6253889234598637,10.114583333333334,0.71,30.549005448678816,0.4281999999999999,48.44228265258452,-0.15319999999999998,-1.379999999999999,16.0,163.83,3.418109743375757,9.745984533016063,0.65,31.039044065643214,0.30625,48.070005193955154,-0.44875,-0.34999999999999787
01,557,562,1,2,11311,452.44,188.92000000000002,5.0365235937083455,30.082802547770715,3.0,213.81000000000003,5.44741532976827,51.67149758454105,0.32,35.13136869894874,0.03,39.25674818140728,0.29,0.030000000000001137,50.0,205.77000000000004,5.333592534992225,48.302816901408484,0.62,34.852970224262414,0.42119999999999996,38.93081313664515,0.333,0.9599999999999991,50.0,195.97,5.178911205073995,35.246402877697825,0.62,33.307192926625845,1.0175999999999998,38.193024582238735,0.36919999999999986,0.9399999999999995,30.0,188.92000000000002,5.0365235937083455,30.082802547770715,0.35,31.725402180549047,0.8703333333333333,37.665369264196016,0.2736666666666666,0.39000000000000057
01,571,570,2,1,11833,473.32,0.0,0.0,inf,50.0,0.0,0.0,inf,0.51,36.275640807670904,-0.06039999999999999,23.9920650348654,0.004799999999999998,-0.33999999999999986,50.0,10.280000000000001,0.4283333333333334,inf,0.95,36.42057800906583,-0.08040000000000001,24.025835967963406,-0.0154,-1.4799999999999986,50.0,35.05,1.4585934248855594,inf,0.97,36.57788765660087,-0.0836,24.036238408686863,-0.0104,-1.6899999999999995,0.0,,,,,,,,,
01,574,572,1,2,11919,476.76,0.0,0.0,inf,50.0,0.0,0.0,inf,0.49,37.838348214081236,0.1482,22.70126218403501,0.06,0.35999999999999943,50.0,11.299999999999983,0.49648506151142274,inf,0.97,37.942279324538056,-0.0812,22.804173449052964,0.024,1.6799999999999997,50.0,41.639999999999986,1.825515124945199,inf,0.91,37.50997909788802,-0.2952,22.790274493677234,-0.0268,1.1500000000000021,32.0,70.97999999999996,3.1186291739894534,inf,0.26,37.026531041489164,-0.28468750000000004,22.746545616480475,-0.004687500000000001,0.019999999999999574
01,580,578,2,1,11973,478.92,0.0,0.0,inf,50.0,0.0,0.0,inf,0.54,35.048464631504196,0.10239999999999999,23.05470765862919,-0.0218,-0.6799999999999997,50.0,12.299999999999983,0.5329289428076249,inf,0.8,34.86763249316446,0.0794,23.082027100032548,0.012200000000000003,-1.3800000000000008,50.0,35.859999999999985,1.5550737207285337,inf,0.8,34.63024312257034,0.19860000000000003,23.015735820330075,0.0374,-1.25,50.0,59.040000000000006,2.5691906005221936,inf,0.42,33.97315874419434,0.4602000000000001,22.987636956582307,0.0010000000000000002,-0.5800000000000001
01,641,640,1,2,13404,536.16,0.0,0.0,inf,50.0,0.0,0.0,inf,0.7,31.746536293703038,0.1686,22.895437247640963,0.055200000000000006,0.7600000000000016,50.0,7.190000000000026,0.31315331010453074,inf,0.92,32.11317810022857,0.1808,23.027890392088484,0.06559999999999999,1.7199999999999989,50.0,25.309999999999974,1.0961455175400594,inf,0.86,32.45045477227003,0.155,23.171817688475222,0.08839999999999999,1.0399999999999991,50.0,43.889999999999986,1.8861194671250532,inf,0.23,32.73041069450277,0.14900000000000005,23.279455241367113,0.0088,0.19000000000000128
01,652,655,1,2,13743,549.72,30.609999999999985,0.9119833482010115,46.411764705882376,50.0,30.609999999999985,0.9142771804062123,46.411764705882376,0.61,32.77793849103895,-0.5938,33.247514593853815,-0.3134,0.6199999999999992,50.0,30.610000000000014,0.9119833482010115,255.08333333333889,0.84,33.80503180142401,-0.32520000000000004,33.63924959546712,-0.13380000000000003,1.549999999999999,50.0,31.099999999999994,0.920935741782647,inf,0.78,33.93956177876072,0.11460000000000001,33.80436855417907,-0.005599999999999999,1.1999999999999993,50.0,31.239999999999995,0.9259259259259264,521.1666666667087,0.49,33.686817138640265,0.09759999999999998,33.69810127194903,0.05340000000000001,0.5
01,654,651,1,2,13864,554.56,0.0,0.0,inf,50.0,0.0,0.0,inf,0.75,33.12989270845414,0.19559999999999994,26.968819441202175,0.17839999999999998,0.46999999999999886,50.0,11.189999999999998,0.41200294550810007,inf,1.01,33.54362461812394,0.21780000000000002,27.30712604478135,0.13,1.879999999999999,33.0,23.600000000000023,0.8606856309263319,inf,0.85,33.93209857472689,0.25757575757575757,27.513654511136192,0.16575757575757577,0.8599999999999994,0.0,,,,,,,,,
01,665,664,2,1,14032,561.28,0.0,0.0,inf,28.0,0.0,0.0,inf,0.53,35.88214798252554,-0.05857142857142857,24.13010412322954,0.003928571428571428,-0.4499999999999993,50.0,0.0,0.0,inf,0.99,35.95989510604509,0.0124,24.11840348148621,0.004200000000000001,-1.6100000000000012,50.0,22.649999999999977,0.9390547263681582,inf,0.99,35.52339823474331,0.44339999999999996,24.151608978459855,-0.0238,-1.42,50.0,45.360000000000014,1.8767066611501866,inf,0.35,34.456120261898505,0.5044000000000001,24.143444141174314,0.0288,-0.33000000000000007
01,667,674,2,1,14258,570.32,115.97000000000003,2.7455018939393945,15.483311081441922,34.0,161.26999999999998,3.859057190715482,18.665509259259256,0.47,32.98905682372185,0.23882352941176474,41.627125968524815,0.2467647058823529,-0.3000000000000007,50.0,144.21,3.4270437262357416,17.1067615658363,0.67,33.41087014924893,0.25239999999999996,41.9474902945919,0.1446,-1.25,50.0,127.74000000000001,3.0241477272727275,16.007518796992475,0.61,33.95710925624262,0.30660000000000004,42.17635149651574,0.0802,-0.9499999999999993,38.0,115.97000000000003,2.7455018939393945,15.483311081441922,0.42,34.51680277703012,0.316842105263158,42.2479961873016,-0.001842105263157895,-0.5199999999999996
01,701,703,1,2,14899,595.96,23.790000000000003,0.8109115554049476,14.406698564593295,50.0,26.49000000000001,0.8759920634920638,14.406698564593295,0.55,28.54006913287714,-0.015600000000000001,30.42015495186411,0.19919999999999993,0.8699999999999992,50.0,24.190000000000012,0.8164642375168691,15.903614457831328,0.55,28.829280763461757,-0.25579999999999997,29.951742202491275,0.30979999999999996,1.0199999999999996,50.0,23.83,0.8109115554049476,46.461538461538524,0.48,29.11445998584314,0.05040000000000001,29.298204040484933,0.28159999999999996,0.8200000000000003,14.0,23.790000000000003,0.8201240523776706,264.33333333333377,0.32,28.929315459411793,0.22000000000000006,29.002159364495075,0.15142857142857147,0.14999999999999858
01,718,719,1,2,15235,609.4,23.159999999999997,0.7308299147996212,13.868263473053876,50.0,24.87000000000006,0.769016697588128,inf,0.3,33.566535726174436,0.45879999999999993,32.11432143183432,0.11079999999999998,0.34999999999999964,50.0,27.890000000000015,0.8683063511830641,74.89473684210478,0.61,32.63939888438664,0.43579999999999997,32.355448420186,-0.24140000000000003,0.9800000000000004,50.0,26.460000000000008,0.812404052809334,18.900000000000023,0.61,31.728461390991797,0.5324,32.67344388909215,0.025000000000000005,0.8600000000000012,50.0,23.22,0.7322611163670766,13.904191616766452,0.33,30.564044958306752,0.5603999999999999,32.16295301400442,0.43379999999999996,0.5800000000000001
01,726,729,2,1,15416,616.64,73.93,2.52320819112628,inf,0.0,,,,,,,,,,9.0,73.93,2.52320819112628,inf,1.02,42.22864211522148,0.3022222222222222,29.28243909334445,0.13444444444444445,-0.33999999999999986,50.0,78.88999999999999,2.696172248803827,inf,1.02,41.65458176621005,0.5756,29.148857361688233,0.10899999999999999,-1.5099999999999998,50.0,103.79999999999998,3.5743801652892557,inf,0.38,40.2243730804719,0.8092000000000001,28.948366844837164,0.09099999999999998,-0.39000000000000057
01,728,725,1,2,15601,624.04,0.0,0.0,inf,50.0,0.0,0.0,inf,0.29,32.933425896193086,0.09140000000000001,24.179606621506494,0.062200000000000005,0.1700000000000017,50.0,15.700000000000017,0.6474226804123718,inf,1.21,33.19145528900311,0.16219999999999998,24.360064376603333,0.10840000000000001,1.6500000000000021,50.0,33.31,1.3612586841029835,inf,1.21,33.562203526882946,0.18859999999999996,24.57244792290176,0.09180000000000003,1.5400000000000027,48.0,51.25999999999999,2.0786699107866986,inf,0.28,33.84712884223425,0.083125,24.695650004989435,0.012291666666666668,0.08999999999999986
01,731,729,2,1,15587,623.48,0.0,0.0,inf,50.0,0.0,0.0,inf,0.36,40.326457950050006,-0.08500000000000002,28.87361308571973,0.08999999999999998,-0.5099999999999998,50.0,22.0,0.7644197359277276,inf,1.15,40.3844262425035,0.0682,28.703928723597954,0.07119999999999999,-1.67,50.0,45.390000000000015,1.5848463687150842,inf,1.15,39.99504392325416,0.3036000000000001,28.653446608451258,-0.0228,-1.5999999999999996,43.0,68.0,2.3701638201463924,inf,0.38,39.436724036304476,0.23186046511627903,28.722007445560948,-0.04790697674418605,-0.1899999999999995
01,732,735,1,2,15574,622.96,30.650000000000006,0.88252231500144,8.52146263910969,38.0,55.170000000000016,1.4518421052631583,8.528330781010713,0.49,31.09402107254831,-0.6110526315789474,38.04479636503033,0.02736842105263158,0.6000000000000014,50.0,43.78999999999999,1.1844738977549363,8.52146263910969,0.72,31.946465056273155,-0.3308,37.579021684921386,0.5269999999999999,1.2300000000000004,50.0,36.079999999999984,1.011210762331838,9.23516949152542,0.72,32.39623808783514,-0.16140000000000002,36.26284759357755,0.637,1.1500000000000004,50.0,30.739999999999995,0.8846043165467624,11.528846153846162,0.38,32.605376715827504,-0.04699999999999999,35.22520041375158,0.4664,0.379999999999999
01,739,738,1,2,15885,635.4,0.0,0.0,inf,50.0,0.0,0.0,inf,0.3,27.313079225119868,0.005599999999999998,23.160013729260815,0.012800000000000002,-0.05999999999999872,50.0,5.080000000000041,0.21934369602763562,inf,1.39,27.12654992636146,-0.22920000000000001,23.199219069261726,0.047200000000000006,1.879999999999999,50.0,12.819999999999993,0.5513978494623653,inf,1.38,26.492184256999963,-0.3822,23.320009337215723,0.0556,1.5700000000000003,31.0,19.129999999999995,0.8189212328767121,inf,0.46,25.82700588868744,-0.4129032258064516,23.404521164780213,0.08709677419354839,-0.23000000000000043
01,745,744,2,1,15949,637.96,0.0,0.0,inf,50.0,0.0,0.0,inf,0.47,33.492367837664034,0.2606,24.31383244413548,-0.04660000000000001,-0.019999999999999574,50.0,10.810000000000002,0.4439425051334703,inf,1.02,32.70220758782603,0.4506,24.287200616759545,0.0668,-1.7800000000000011,50.0,27.58,1.138728323699422,inf,0.96,31.986379268070518,0.23419999999999994,24.16441371497046,0.045799999999999993,-1.3399999999999999,35.0,43.19,1.790630182421227,inf,0.36,31.734329556833544,0.06399999999999999,24.125771958692415,-0.007142857142857143,-0.21000000000000085
01,778,789,2,1,16542,661.68,353.83,8.836913086913087,44.33959899749375,0.0,,,,,,,,,,0.0,,,,,,,,,,27.0,353.83,8.836913086913087,44.33959899749375,0.48,31.898285771715678,0.322962962962963,39.724866941307965,0.6114814814814815,-0.4299999999999997,0.0,,,,,,,,,
01,783,782,2,1,16517,660.68,0.0,0.0,inf,50.0,0.0,0.0,inf,0.48,33.12327958554376,0.41519999999999996,25.01002418968976,0.017200000000000003,-0.2699999999999996,50.0,14.640000000000015,0.585834333733494,inf,0.94,32.69797139980867,0.17720000000000002,24.990002040816126,0.0015999999999999999,-1.6500000000000004,50.0,30.150000000000006,1.2064825930372152,inf,0.9,32.12963504397413,0.35239999999999994,24.967001762163182,0.023000000000000003,-1.209999999999999,50.0,44.42,1.781074578989575,inf,0.31,31.476255160713276,0.2704,24.913023893193454,0.034800000000000005,-0.2900000000000009
01,789,788,1,2,16739,669.56,0.0,0.0,inf,50.0,0.0,0.0,inf,0.44,41.623781737712626,0.4174,35.18010706497583,0.08840000000000002,0.3500000000000014,50.0,3.3799999999999955,0.09572359105069372,inf,1.12,41.83855766015735,-0.22840000000000005,35.42912999063943,0.1398,1.7899999999999991,47.0,16.189999999999998,0.45503091624508146,inf,1.1,41.39284924194701,-0.08297872340425534,35.95988524294743,0.48000000000000004,1.5199999999999996,0.0,,,,,,,,,
01,803,802,1,2,17106,684.24,2.5800000000000125,0.08637428858386383,inf,50.0,2.5800000000000125,0.08637428858386383,inf,0.46,35.48931332847092,0.23260000000000006,29.916040421796946,0.06520000000000001,0.5,50.0,13.72999999999999,0.45766666666666633,inf,0.73,35.905746712693244,0.1254,30.06453063269489,0.05779999999999999,1.2600000000000016,50.0,25.43999999999994,0.844902025905013,inf,0.73,35.99748835827184,0.0346,30.133428580630966,0.022000000000000002,1.2399999999999984,28.0,37.079999999999984,1.2294429708222807,inf,0.41,36.126137759118535,0.13714285714285718,30.19839053826249,0.09357142857142856,0.28999999999999915
01,814,813,2,1,17307,692.28,0.0,0.0,inf,50.0,0.0,0.0,inf,0.37,32.03114502903402,-0.2548,24.525153082244124,-0.0068,-0.1899999999999995,50.0,5.689999999999998,0.23196086424785967,inf,1.09,31.850586987786443,0.4772,24.501437612684978,0.0412,-1.5700000000000003,50.0,20.470000000000027,0.8372188139059316,inf,1.12,30.559981837506975,0.6991999999999998,24.329006594447616,0.11039999999999997,-1.92,50.0,32.79999999999998,1.353693768056128,inf,0.64,29.200075825978146,0.6448,24.18682089684804,0.04300000000000001,-0.6399999999999988
01,827,828,1,2,17571,702.84,0.0,0.0,inf,50.0,0.0,0.0,inf,0.45,31.18994395943508,0.2492,22.197969701054372,0.1436,0.3099999999999987,50.0,11.849999999999994,0.5309139784946234,inf,0.77,31.264692399295217,-0.20600000000000002,22.382807832037514,0.06940000000000002,1.370000000000001,50.0,29.590000000000003,1.3174532502226182,inf,0.77,30.683853419058988,-0.3142,22.528233341596334,0.0686,1.25,50.0,45.920000000000016,2.0327578574590532,inf,0.38,30.21155086497661,-0.0796,22.67946534829216,0.08559999999999998,0.25
01,835,836,2,1,17751,710.04,0.0,0.0,inf,50.0,0.0,0.0,inf,0.49,33.00924298187966,0.1654,24.316411603296604,0.026800000000000004,-0.47999999999999865,50.0,15.67999999999995,0.6457990115321232,inf,0.69,32.48613894283149,0.3948,24.249257670841644,0.031200000000000002,-1.1899999999999995,50.0,32.22999999999999,1.330718414533443,inf,0.69,31.48329719683941,0.5428,24.197407083485,0.0212,-1.2799999999999994,50.0,46.72999999999999,1.9325889164598837,inf,0.56,30.583938391951655,0.3244,24.153936423727014,0.035,-0.8999999999999986
01,858,859,2,1,18283,731.32,23.480000000000075,0.6225165562913922,20.6356589147287,15.0,29.870000000000005,0.7612130479102956,22.619402985074572,0.54,37.95501360340398,0.0686666666666667,39.25307342907258,-0.040000000000000015,-0.2799999999999976,50.0,27.439999999999984,0.7021494370522002,21.437499999999968,0.61,37.93606325861188,-0.0882,39.18451232662097,-0.0854,-1.1600000000000001,50.0,24.92999999999998,0.6471962616822424,20.6356589147287,0.61,37.61624118327117,-0.1568,38.82782027428471,-0.28099999999999997,-1.0299999999999976,50.0,23.500000000000057,0.6225165562913922,24.15533980582521,0.63,37.41493048173917,-0.07320000000000002,38.12799817565586,-0.3978,-1.1000000000000014
01,860,861,1,2,18246,729.84,24.480000000000047,0.6878336611407712,14.31944444444447,0.0,,,,,,,,,,1.0,30.930000000000007,0.8391209983722194,14.31944444444447,0.85,34.71040910159372,-0.16,36.86,0.13,0.0,50.0,27.25,0.7465753424657534,14.333333333333373,0.85,34.78237097210124,-0.04320000000000001,36.71880428998182,0.18720000000000003,1.1400000000000006,50.0,24.50999999999999,0.6882898062342037,15.994117647058795,0.33,34.71601009080335,0.098,36.070077375942894,0.44620000000000004,0.5099999999999998
01,860,855,2,1,18420,736.8,0.0,0.0,inf,50.0,0.0,0.0,inf,0.31,34.59514652979742,0.15179999999999996,24.23149676212823,0.0194,0.1899999999999995,50.0,0.0,0.0,inf,1.09,34.207495812022415,0.2796,24.234668192366986,-0.018799999999999997,-1.629999999999999,50.0,17.890000000000015,0.7377319587628872,inf,1.1,33.421967802697225,0.4464,24.22821489787974,0.0318,-1.8899999999999988,45.0,36.22,1.497312939231087,inf,0.68,32.747117626907055,0.22933333333333325,24.160744534240283,0.03422222222222223,-0.7099999999999991
01,865,866,1,2,18423,736.92,24.28,1.0658472344161545,inf,0.0,,,,,,,,,,42.0,24.28,1.0658472344161545,inf,0.78,36.04696654547126,0.1854761904761905,22.80671918731668,0.03547619047619048,1.25,50.0,46.650000000000006,2.042469352014011,inf,0.71,36.07820898254788,-0.14619999999999997,22.880168941960655,0.048,1.1999999999999993,50.0,73.06000000000002,3.1862189271696475,inf,0.45,35.488169914600505,-0.4058,22.996822675426166,0.056999999999999995,0.3299999999999983
01,873,886,2,1,18840,753.6,139.44,4.064121247449723,17.797270955165697,50.0,170.81000000000003,4.948146002317498,17.797270955165697,0.5,24.531074423160504,0.5972,34.59080112693519,-0.07619999999999999,-0.3500000000000014,50.0,153.89000000000001,4.472246439988377,18.348762109795473,1.05,25.98996237234498,0.7386000000000001,34.46780296196019,-0.0536,-1.8000000000000007,50.0,139.92000000000002,4.0769230769230775,19.94805194805196,1.03,27.42685800588574,0.7080000000000001,34.35921696517035,-0.047200000000000006,-1.629999999999999,2.0,139.44,4.064121247449723,22.525806451612908,0.63,28.141941625075543,0.67,34.315000728438214,-0.04,-0.030000000000001137
01,920,919,1,2,19657,786.28,0.0,0.0,inf,50.0,0.0,0.0,inf,0.64,28.613343510535245,0.0456,23.185801508923195,0.081,0.6099999999999994,50.0,7.439999999999998,0.3199999999999999,inf,0.79,28.64981413671876,-0.05340000000000001,23.34220145261229,0.0898,1.4800000000000004,50.0,18.090000000000003,0.7720870678617159,inf,0.71,28.395541364905842,-0.16080000000000003,23.501633367793346,0.0668,0.8699999999999974,50.0,27.870000000000005,1.182435299109037,inf,0.18,28.132892787556635,-0.0794,23.588448197395156,0.011200000000000002,0.23999999999999844
01,926,925,2,1,19765,790.6,0.0,0.0,inf,1.0,0.0,0.0,inf,0.64,41.1749741954989,-0.13,32.0,0.06,0.0,50.0,0.0,0.0,inf,1.1,41.32190703941787,-0.12219999999999999,31.914992824850486,0.10739999999999998,-1.6899999999999995,50.0,7.4599999999999795,0.23466498899024787,inf,1.1,41.49459836039051,-0.051399999999999994,31.686147656914727,0.07819999999999999,-1.6599999999999984,50.0,27.080000000000013,0.8561492254189065,inf,0.44,41.56875393179784,-0.05200000000000001,31.65325620596858,-0.0352,-0.4299999999999997
01,928,925,2,1,19942,797.68,0.0,0.0,inf,50.0,0.0,0.0,inf,0.53,41.152733248937075,0.1336,31.71114561970941,-0.07359999999999998,-0.28000000000000114,50.0,6.310000000000002,0.1984276729559749,inf,1.09,40.92025415083179,0.08039999999999999,31.89607707952191,-0.08220000000000001,-1.75,44.0,24.299999999999997,0.7600875821082264,inf,1.1,40.84342541267094,0.006136363636363634,31.96956930370583,0.002272727272727273,-1.6500000000000004,0.0,,,,,,,,,
01,929,933,2,1,19859,794.36,87.57000000000002,2.535321366531558,48.18085106382973,0.0,,,,,,,,,,32.0,95.03000000000002,2.7608948285880306,52.214285714285715,0.59,32.57445029156423,0.04125,34.363818200775114,0.07875,-0.629999999999999,50.0,91.35,2.6462920046349936,48.850267379679025,0.59,32.63314891460981,0.0272,34.47538369666026,0.0526,-1.0999999999999979,50.0,87.65,2.537637521713955,48.18085106382973,0.53,32.70055941078413,0.0524,34.54001453613159,0.0074,-0.8800000000000026
01,941,943,2,1,20159,806.36,0.0,0.0,inf,0.0,,,,,,,,,,29.0,0.0,0.0,inf,0.96,35.34236622502508,0.2168965517241379,23.579311513890268,-0.1082758620689655,-1.0299999999999994,50.0,12.310000000000002,0.5207275803722505,inf,0.96,34.967337947287845,0.20339999999999997,23.646804737480583,-0.0022,-1.5399999999999991,50.0,34.879999999999995,1.4754653130287645,inf,0.53,34.61522169939184,0.1666,23.64623671350377,-0.0078000000000000005,-0.6699999999999999
01,946,943,2,1,20419,816.76,0.0,0.0,inf,50.0,0.0,0.0,inf,0.35,32.85808756783171,0.07100000000000001,23.628569893264512,0.0508,-0.07000000000000028,50.0,9.680000000000007,0.4106915570640648,inf,1.17,32.46228117025955,0.331,23.55204466007237,0.012599999999999998,-1.6400000000000006,50.0,27.480000000000004,1.1673746813933732,inf,1.19,31.74891971928021,0.32940000000000014,23.533628593419383,0.012000000000000002,-1.9700000000000006,10.0,43.83,1.8635204081632653,inf,0.64,31.380239986454495,0.252,23.515007867453328,0.026000000000000002,-0.20000000000000107
01,949,951,1,2,20555,822.2,40.629999999999995,1.0987020010816657,14.863768115942026,50.0,49.69,1.3204889715652404,14.863768115942026,0.53,34.12173567997828,-0.1386,37.62500744207162,-0.0126,0.4399999999999995,50.0,43.739999999999995,1.167645488521089,14.930722891566262,0.84,34.60829018846605,-0.28340000000000004,37.58382714299778,0.09180000000000002,1.4900000000000002,34.0,40.629999999999995,1.0987020010816657,16.97665369649805,0.84,35.02055929240802,-0.18617647058823536,37.23831031307441,0.3573529411764706,1.0,0.0,,,,,,,,,
01,966,967,1,2,20933,837.32,0.4800000000000004,0.02141900937081662,inf,28.0,0.4800000000000004,0.02141900937081662,inf,0.6,30.363374526360094,0.06750000000000002,22.444449857810696,0.060000000000000005,0.35999999999999943,50.0,9.54,0.4243772241992882,inf,1.0,30.499528241368104,0.09820000000000002,22.523319920098746,0.0426,1.8099999999999987,50.0,25.439999999999998,1.127659574468085,inf,0.93,30.683539882153244,0.0718,22.61528432376708,0.05540000000000001,1.2700000000000031,50.0,41.56999999999999,1.8337009263343622,inf,0.35,30.795896463509408,0.05339999999999998,22.688200617361666,0.015600000000000001,0.25
01,972,975,2,1,21014,840.56,37.21000000000001,1.1734468621885843,20.497584541062835,0.0,,,,,,,,,,0.0,,,,,,,,,,50.0,39.079999999999984,1.2129112352576035,20.497584541062835,0.65,30.727371401196702,0.08499999999999998,32.501030445771086,-0.2634,-1.0300000000000011,50.0,37.24000000000001,1.1743929359823402,28.28260869565211,0.35,30.96877205302535,0.14980000000000002,31.91001814135855,-0.2476,-0.4700000000000024
01,977,985,1,2,21331,853.24,99.62,3.1366498740554154,20.17220543806646,50.0,121.61000000000001,3.7685156492097924,20.17220543806646,0.59,26.048151195564543,-0.5478,32.17127696883888,-0.053599999999999995,0.45000000000000107,50.0,111.36999999999999,3.4373456790123456,21.557726465364116,0.93,27.301838216659043,-0.637,32.38594387475559,-0.059800000000000006,1.6600000000000001,50.0,103.71999999999998,3.229140722291407,24.88366890380314,0.85,28.48127291337937,-0.534,32.279799277595366,0.14600000000000002,0.8800000000000008,39.0,99.62,3.1366498740554154,33.305466237942134,0.18,29.315459101125743,-0.40589743589743604,31.932576588371884,0.22564102564102556,0.22000000000000064
01,988,989,2,1,21511,860.44,18.67999999999995,0.5628201265441384,9.614840989399292,50.0,22.660000000000025,0.6566212691973349,9.614840989399292,0.31,32.83945959636206,-0.3666,35.265615581953355,-0.7847999999999999,-0.509999999999998,50.0,19.360000000000014,0.5770491803278693,11.289999999999992,0.45,32.42543667987763,0.031599999999999996,33.968602862173015,-0.47340000000000004,-0.7699999999999996,32.0,18.67999999999995,0.5628201265441384,19.350000000000023,0.45,32.679879895978026,0.208125,33.345315697600356,-0.28,-0.5499999999999972,0.0,,,,,,,,,
01,1012,1020,1,2,21932,877.28,170.95,5.300775193798449,37.32599999999998,0.0,,,,,,,,,,13.0,184.55,5.715391762155466,37.32599999999998,0.86,27.436295928588795,-0.6446153846153847,32.27780002903397,-0.02230769230769231,0.4299999999999997,50.0,176.46000000000004,5.464849798699289,39.30916844349682,0.84,28.29174605252089,-0.6915999999999998,32.29482811912157,-0.0005999999999999993,1.1899999999999995,50.0,171.03000000000003,5.3032558139534896,53.43030303030302,0.35,29.598507108456783,-0.6120000000000001,32.271497012546995,0.02,0.2599999999999998
01,1026,1030,1,2,22113,884.52,21.5,0.6160458452722063,4.9931034482758605,0.0,,,,,,,,,,6.0,43.79000000000002,1.1002512562814075,5.170011806375446,0.89,31.325603753084632,-0.22,39.88833333333333,0.9250000000000002,0.17999999999999972,50.0,29.279999999999973,0.7866738312735082,4.9931034482758605,0.86,31.56973869354533,-0.22380000000000003,38.594602487513946,1.2968000000000002,1.1400000000000006,50.0,21.600000000000023,0.618379616375609,5.413407821229062,0.22,31.977955576695813,-0.17360000000000006,35.89645938455299,1.1258000000000001,0.14000000000000057
01,1029,1036,1,2,22285,891.4,165.11,4.8561764705882355,63.53639846743296,0.0,,,,,,,,,,32.0,175.37999999999997,5.1446171897917266,65.83394833948346,0.94,31.483721182673957,-0.235625,34.05750082529106,-0.0678125,1.1300000000000008,50.0,170.42000000000002,4.9991199765327075,66.57031249999994,0.82,31.605230940544867,0.033600000000000005,34.099624399430674,0.0006000000000000003,1.040000000000001,50.0,165.20999999999998,4.857688915024992,63.53639846743296,0.42,31.460238804032475,0.05879999999999999,34.06002604705214,0.044199999999999996,-0.05000000000000071
01,1031,1036,1,2,22435,897.4,110.75,3.2766272189349115,28.775000000000002,50.0,122.89999999999999,3.6136430461628932,30.27093596059114,0.47,29.931621953532876,-0.07379999999999999,34.06002604705214,0.044199999999999996,0.3099999999999987,50.0,114.75999999999999,3.3902511078286555,28.775000000000002,1.13,29.892571512947214,0.0366,33.92105384973148,0.0774,1.7200000000000006,26.0,110.75,3.2766272189349115,28.791457286432163,1.17,29.944399996355266,-0.09499999999999999,33.82218089478875,0.053076923076923084,1.1399999999999988,0.0,,,,,,,,,
